{"cameraMode":{"drawMode":0,"name":"Shaded","section":"Shading Mode"},"sceneLighting":true,"audioPlay":false,"sceneViewState":{"showFog":true,"showMaterialUpdate":false,"showSkybox":true,"showFlares":true,"showImageEffects":true,"showParticleSystems":true},"in2DMode":false,"pivot":{"x":70.90974426269531,"y":36.20807647705078,"z":10.130340576171875},"rotation":{"x":0.14941678941249848,"y":-0.016909001395106317,"z":0.0025556175969541075,"w":0.9886298775672913},"size":26.886953353881837,"orthographic":false}