{"cameraMode":{"drawMode":0,"name":"Shaded","section":"Shading Mode"},"sceneLighting":true,"audioPlay":false,"sceneViewState":{"showFog":true,"showMaterialUpdate":false,"showSkybox":true,"showFlares":true,"showImageEffects":true,"showParticleSystems":true},"in2DMode":false,"pivot":{"x":116.2629165649414,"y":11.8148193359375,"z":31.652690887451173},"rotation":{"x":0.15319186449050904,"y":-0.47242510318756106,"z":0.0837741568684578,"w":0.8639121651649475},"size":6.286975383758545,"orthographic":false}